epoch,loss,loss_avg,train_acc,eval_acc
19,14.615986635559402,0.000735506573850614,99.64774557165862,96.61904761904762
